{"mse": 23264.668809303566, "mae": 149.62360771484376, "rmse": 152.52760015585233, "mape": 15.582077572841888, "r2": -33.50503598352133}