{"mse": 27606.294102570977, "mae": 132.32131269938148, "rmse": 166.15141920119424, "mape": 17.180579619522998, "r2": 0.32800569676915037}