{"mse": 16921.09534380407, "mae": 115.63172393798827, "rmse": 130.08111063411195, "mape": 9.369110062964085, "r2": 0.5881055373381892}