{"mse": 257.5178143564215, "mae": 15.589198079427092, "rmse": 16.04736160109884, "mape": 1.497503124017951, "r2": 0.6943120949892585}