{"mse": 454.49028354528673, "mae": 19.010706868489592, "rmse": 21.318777721653902, "mape": 1.8120915560329254, "r2": 0.4604948672311837}