{"mse": 23983.897313720558, "mae": 129.8774840738932, "rmse": 154.86735393142274, "mape": 11.550963786112579, "r2": 0.4161823276890718}