{"mse": 9738.09224437575, "mae": 93.8551963623047, "rmse": 98.68177260454816, "mape": 8.453801624388175, "r2": -0.4835371714893453}