{"mse": 13356.148937953229, "mae": 92.03071671549479, "rmse": 115.56880607652408, "mape": 8.001398799329698, "r2": 0.6358149531680937}