{"mse": 16595.136491793946, "mae": 105.04988032226562, "rmse": 128.82211181235132, "mape": 8.967192444588447, "r2": 0.5474967680787164}