{"mse": 5995.583593784115, "mae": 59.801669230143226, "rmse": 77.43115389676248, "mape": 5.062179127914524, "r2": 0.8344138422633229}