{"mse": 22193.224427853667, "mae": 110.65345134277341, "rmse": 148.97390519098863, "mape": 9.840035350590192, "r2": -0.3703597295573462}