{"mse": 26579.192404120447, "mae": 153.42703368055558, "rmse": 163.031262045414, "mape": 13.305713463507704, "r2": 0.49667386292205873}