{"mse": 25075.018093209073, "mae": 144.35183535970052, "rmse": 158.35093335124068, "mape": 11.61989206768884, "r2": 0.3896221908873414}