{"mse": 32261.231560864777, "mae": 142.00259166666666, "rmse": 179.61411848979125, "mape": 13.021327072596536, "r2": -3.067248806226468}