{"mse": 5766.403171941381, "mae": 59.48105887858072, "rmse": 75.93683672593546, "mape": 5.030340259288533, "r2": 0.8595939053653314}