{"mse": 9725.34854285324, "mae": 83.60223275960286, "rmse": 98.61718178316211, "mape": 15.768333263205012, "r2": 0.7489278826025985}