{"mse": 16663.761118967308, "mae": 109.70470074055989, "rmse": 129.08819124523865, "mape": 9.487682904600426, "r2": 0.5943695846773258}