{"mse": 23542.641550095617, "mae": 127.85274848632814, "rmse": 153.43611553378042, "mape": 10.698400856653212, "r2": 0.35805762160194476}