{"mse": 18958.297379028125, "mae": 117.26552267252605, "rmse": 137.68913311887806, "mape": 9.745141892778365, "r2": 0.48305994108713335}