{"mse": 17363.772589988548, "mae": 116.48947942708335, "rmse": 131.77166838887845, "mape": 10.662476380819248, "r2": 0.6711848708592099}