{"mse": 7659.490062178748, "mae": 68.36273616739908, "rmse": 87.51851268262475, "mape": 5.937664404155099, "r2": 0.8022606203138324}