{"mse": 5787.176166680573, "mae": 69.5959677408854, "rmse": 76.0734918791071, "mape": 6.580814495381258, "r2": 0.419596878969667}