{"mse": 13607.082565733106, "mae": 93.10780664876302, "rmse": 116.64940019448495, "mape": 8.527109299613793, "r2": 0.668775463530511}