{"mse": 10914.729523577294, "mae": 81.64771701253254, "rmse": 104.47358289815323, "mape": 6.63249862925091, "r2": 0.6985567632785619}