{"mse": 13884.992445455331, "mae": 93.88058697916667, "rmse": 117.83459782871638, "mape": 8.011357115464696, "r2": -19.59355187423792}