{"mse": 1708.3826637859065, "mae": 34.291988867187456, "rmse": 41.332585979900976, "mape": 3.1267448287052386, "r2": -0.02187092879133057}