{"mse": 23915.16101999361, "mae": 136.20561928710939, "rmse": 154.6452748065508, "mape": 11.614910091236359, "r2": 0.4178555112622848}