{"mse": 273.35201120921823, "mae": 14.843673990885426, "rmse": 16.53336055401981, "mape": 1.4164743887099365, "r2": 0.6755160265481068}