{"mse": 12890.361474479929, "mae": 88.61100901692708, "rmse": 113.53572774452951, "mape": 7.710535404403242, "r2": 0.6485156822470204}