{"mse": 30410.761763433908, "mae": 142.26070021158853, "rmse": 174.38681648402758, "mape": 13.048655765484751, "r2": -3.6328884916260265}