{"mse": 38873.2453354753, "mae": 156.05961599934895, "rmse": 197.16299179986922, "mape": 14.416383994502077, "r2": -1.5617906422518049}