{"mse": 18987.4713536553, "mae": 110.08033494059244, "rmse": 137.79503384975564, "mape": 9.305443598480657, "r2": -0.17241485993882333}