{"mse": 11454.397585156368, "mae": 92.05774089936756, "rmse": 107.02521938849912, "mape": 7.384221517641682, "r2": 0.7373571484319699}