{"mse": 13153.983165800659, "mae": 101.58942375895181, "rmse": 114.6908155250483, "mape": 7.915095085268876, "r2": 0.679804840179931}