{"mse": 14808.99480762997, "mae": 103.3638965250651, "rmse": 121.69221342234667, "mape": 16.183085981669183, "r2": 0.6395184333569864}