{"mse": 7029.961955672491, "mae": 72.09453934733072, "rmse": 83.84486839200412, "mape": 6.353260034096851, "r2": 0.8288761842285248}