{"mse": 62473.29276753426, "mae": 211.73612052815756, "rmse": 249.94657982763889, "mape": 16.729632650700978, "r2": -0.5207291745814697}