{"mse": 45293.670768508775, "mae": 175.8685947672526, "rmse": 212.823097356722, "mape": 15.519025269569095, "r2": -0.10254163835836794}