{"mse": 19551.335592557753, "mae": 107.6937170328776, "rmse": 139.82609052876273, "mape": 7.767220892693137, "r2": 0.5239447202026591}