{"mse": 10234.2961735908, "mae": 89.65718356933593, "rmse": 101.16469825779544, "mape": 7.661166120231487, "r2": 0.7508760610650088}