{"mse": 15011.558977573377, "mae": 96.01213616536457, "rmse": 122.52166737999192, "mape": 8.583207704732205, "r2": 0.5906765239991945}