{"mse": 17639.76562545122, "mae": 113.88019014973956, "rmse": 132.81477939390336, "mape": 10.107846906319578, "r2": 0.5678509981917486}