{"mse": 115.56958676934012, "mae": 10.543116536458342, "rmse": 10.750329612125395, "mape": 1.0153403915581478, "r2": 0.8628125011437845}