{"mse": 5159.217684931503, "mae": 71.66934902343746, "rmse": 71.82769441469985, "mape": 6.649286167303181, "r2": -7.618320569609267}