{"mse": 5986.07578531813, "mae": 60.64271455891926, "rmse": 77.36973429783852, "mape": 5.612033457077692, "r2": 0.8542865329371648}