{"mse": 11579.228106046756, "mae": 85.12769407552082, "rmse": 107.60682183786842, "mape": 7.431072946688644, "r2": 0.6842666438006795}