{"mse": 21235.398680949012, "mae": 134.2193962565104, "rmse": 145.7237066538901, "mape": 10.96949341760956, "r2": 0.4830864697951377}