{"mse": 20320.98905156147, "mae": 123.19963057454426, "rmse": 142.55170658943888, "mape": 10.008185527883738, "r2": 0.5053450916690035}