{"mse": 15403.76233947448, "mae": 96.29810113118488, "rmse": 124.11189443189754, "mape": 8.481473727874162, "r2": 0.5799822287809298}