{"mse": 11783.492505852346, "mae": 84.97337306315103, "rmse": 108.55179641927786, "mape": 7.519632259507052, "r2": 0.6786969215435472}