{"mse": 5445.768782897217, "mae": 66.97849366048177, "rmse": 73.7954523185353, "mape": 5.5630027207310775, "r2": 0.8654770596940633}