{"mse": 6902.933134258201, "mae": 72.90000418701169, "rmse": 83.08389214678259, "mape": 19.017734114348244, "r2": 0.8319683285061801}