{"mse": 16287.3160347991, "mae": 103.69129765624997, "rmse": 127.62176943922655, "mape": 9.237699136325539, "r2": 0.6035330367183852}