{"mse": 16522.197989852502, "mae": 115.09831990559894, "rmse": 128.53870230344052, "mape": 9.597716800622312, "r2": 0.597815524069235}