{"mse": 14033.317170536859, "mae": 94.09144160970051, "rmse": 118.46230274031001, "mape": 8.179176796454797, "r2": 0.6173504582270586}