{"mse": 13711.847599011475, "mae": 92.39930034993489, "rmse": 117.09759860480263, "mape": 7.836099703865878, "r2": 0.6261160396461398}