{"mse": 15909.712357935276, "mae": 109.63878062337238, "rmse": 126.13370825411927, "mape": 9.341837348467513, "r2": 0.6127246913022535}