{"mse": 8286.35140874369, "mae": 72.55294772949217, "rmse": 91.02939859596839, "mape": 6.487637286562174, "r2": 0.7740542360018476}