{"mse": 450616.35627358337, "mae": 667.8865498120613, "rmse": 671.2796408901311, "mape": 55.65779328581068, "r2": -7.5332536240702055}