{"mse": 447260.67563024006, "mae": 666.5551670270519, "rmse": 668.7755046577589, "mape": 56.068887343631225, "r2": -10.048361318232498}