{"mse": 460178.56248313293, "mae": 676.0992554703809, "rmse": 678.3646235492628, "mape": 56.06694364522712, "r2": -10.635798984688728}