{"mse": 2103.8055126495838, "mae": 37.551839053428694, "rmse": 45.86725970285977, "mape": 3.4960203016765377, "r2": 0.9484597770971258}