{"mse": 464958.14613733435, "mae": 679.3318850389127, "rmse": 681.8783954176392, "mape": 55.34923312482353, "r2": -11.003479951128025}