{"mse": 465988.6717408585, "mae": 679.8032176829134, "rmse": 682.6336292191138, "mape": 55.49888537270083, "r2": -9.684856417330922}