{"mse": 1856.600575780048, "mae": 34.58240456780158, "rmse": 43.088288150958704, "mape": 3.2001318341330522, "r2": 0.9541377207912316}