{"mse": 3981.7009503718277, "mae": 56.9967262339136, "rmse": 63.10072068028881, "mape": 5.599855171387966, "r2": 0.8954089806249729}