{"mse": 2992.395381500112, "mae": 46.618193073005344, "rmse": 54.70279135016889, "mape": 4.337754573370516, "r2": 0.9433334623159267}