{"mse": 443508.11022601, "mae": 663.5795593181422, "rmse": 665.9640457457219, "mape": 56.614592425547684, "r2": -9.865313700738671}