{"mse": 454943.69374093675, "mae": 671.8291597654005, "rmse": 674.4951398942299, "mape": 55.222682118718645, "r2": -10.074270575717664}