{"mse": 2303.1012057601906, "mae": 38.30817922584023, "rmse": 47.99063664674799, "mape": 3.515924206345683, "r2": 0.9439377525906016}