{"mse": 362820.42161985155, "mae": 602.1724885582368, "rmse": 602.3457658354141, "mape": 62.50356584523633, "r2": -537.1177701761627}