{"mse": 1795.1038457355812, "mae": 34.37799168752971, "rmse": 42.36866584795397, "mape": 3.075240082545678, "r2": 0.9588392851392111}