{"mse": 398084.0503729456, "mae": 629.5084149113817, "rmse": 630.9390227057966, "mape": 57.73180344733964, "r2": -9.456841722771243}