{"mse": 5577.7647001194555, "mae": 62.88900959635415, "rmse": 74.68443412197388, "mape": 5.168324647161064, "r2": 0.8589639889257956}