{"mse": 30366.258063716665, "mae": 141.66075954996745, "rmse": 174.25916923857025, "mape": 12.755558789745944, "r2": -1.0011706014378126}