{"mse": 13223.77137226258, "mae": 99.70406100260415, "rmse": 114.99465801619908, "mape": 9.403545880977054, "r2": -0.3262285361973156}