{"mse": 14608.787872008708, "mae": 100.70745374891492, "rmse": 120.8668187386791, "mape": 8.998513050784402, "r2": 0.6391295375925237}