{"mse": 4614.114165912989, "mae": 54.15515546468098, "rmse": 67.92727115020143, "mape": 4.650826785640411, "r2": 0.856147973654775}