{"mse": 13512.972043445048, "mae": 103.48904703369139, "rmse": 116.2453097696636, "mape": 16.374983727238153, "r2": 0.6710663083145548}