{"mse": 111310.58066096502, "mae": 314.8166860534668, "rmse": 333.632403493673, "mape": 27.677578460262602, "r2": -1.7095297838807109}