{"mse": 28431.366849935865, "mae": 123.41377346191405, "rmse": 168.61603378663568, "mape": 11.372392647440826, "r2": 0.3079217194007938}