{"mse": 11061.719016041567, "mae": 95.73219078776039, "rmse": 105.17470711174606, "mape": 8.205067426892734, "r2": 0.7290037218993131}