{"mse": 12747.864898974023, "mae": 98.45084619140624, "rmse": 112.90644312427003, "mape": 16.289496369402766, "r2": 0.6896905988671165}