{"mse": 39852.34336770385, "mae": 152.42437801106772, "rmse": 199.63051712527283, "mape": 14.039575339548321, "r2": -4.024278000107318}