{"mse": 16421.687172048572, "mae": 107.9571036702474, "rmse": 128.14713095519764, "mape": 9.781331588910946, "r2": 0.6002621652854142}