{"mse": 8746.08361451677, "mae": 70.55211918131509, "rmse": 93.52049836542132, "mape": 17.241093233682925, "r2": 0.7871022331828091}