{"mse": 29165.753908975963, "mae": 150.04427776692708, "rmse": 170.7798404641952, "mape": 14.220806211070109, "r2": 0.1629219807209824}