{"mse": 18029.16473923471, "mae": 119.86298444824217, "rmse": 134.27272522457685, "mape": 16.005410193086014, "r2": 0.5611328361655064}