{"mse": 16861.884354630358, "mae": 107.92677241210936, "rmse": 129.853318612311, "mape": 16.515820057407694, "r2": 0.5895468552950855}