{"mse": 26367.08893635238, "mae": 130.44460671386716, "rmse": 162.37945971197337, "mape": 11.867705451050721, "r2": 0.35817051386264}