{"mse": 11142.156855702446, "mae": 89.21241931152342, "rmse": 105.55641551181266, "mape": 7.826060082595188, "r2": 0.7287768541146096}