{"mse": 6327.118253207571, "mae": 64.03726597764755, "rmse": 79.54318483193623, "mape": 18.019249342063773, "r2": 0.8437057126336485}