{"mse": 9002.466775728177, "mae": 78.70765521647134, "rmse": 94.88132996395116, "mape": 6.5759133541897645, "r2": 0.7545277609921838}