{"mse": 21605.448610802607, "mae": 133.06960371093749, "rmse": 146.9879199485543, "mape": 11.016518590509056, "r2": 0.4740786890387402}