{"mse": 10716.790722181819, "mae": 95.14193089192706, "rmse": 103.52193353189371, "mape": 7.825749275787204, "r2": 0.7391311456921443}