{"mse": 10819.02762718198, "mae": 85.59528326099534, "rmse": 104.01455488142985, "mape": 6.881462314473132, "r2": 0.7305328655283401}