{"mse": 7152.953758815816, "mae": 73.49413443603514, "rmse": 84.5751367649844, "mape": 6.3053718669121, "r2": 0.8258823093263261}