{"mse": 3650.2973486872593, "mae": 52.13602635091146, "rmse": 60.4176906931013, "mape": 4.635879672183831, "r2": 0.9111442117401747}