{"mse": 15189.282110015149, "mae": 104.91018422851562, "rmse": 123.24480561068344, "mape": 8.66539640596194, "r2": 0.6302614537767367}