{"mse": 23353.36487630222, "mae": 134.80914798990884, "rmse": 152.81807771432744, "mape": 15.738807205573977, "r2": 0.43153079149855944}