{"mse": 14386.733145719982, "mae": 104.191996101888, "rmse": 119.94470870246833, "mape": 16.73680735634421, "r2": 0.6497971556737887}