{"mse": 26575.427884054876, "mae": 142.1637606282552, "rmse": 163.01971624332708, "mape": 14.240780551602244, "r2": 0.3019186705969834}