{"mse": 11550.828531049006, "mae": 97.04149933500743, "rmse": 107.4747809071924, "mape": 7.950139944314709, "r2": 0.7351460414383147}