{"mse": 22044.97054095163, "mae": 121.4185213704427, "rmse": 148.4754880138524, "mape": 12.412551949936073, "r2": 0.42092438138648813}