{"mse": 2298.781681717792, "mae": 47.740300781250006, "rmse": 47.94561170449066, "mape": 4.594096655977144, "r2": -1.728781145170736}