{"mse": 9085.76463058611, "mae": 80.12271917724608, "rmse": 95.31927732933202, "mape": 6.694274557919856, "r2": 0.7654395465700792}