{"mse": 15604.551102857899, "mae": 106.27928948567707, "rmse": 124.91817763183187, "mape": 16.132705110634866, "r2": 0.6201529474896595}