{"mse": 15042.434594452627, "mae": 100.22729559461806, "rmse": 122.64760329681387, "mape": 9.526724883940513, "r2": 0.71514369655943}