{"mse": 5880.28332659896, "mae": 58.40388063557945, "rmse": 76.6830054614382, "mape": 5.200911942264534, "r2": 0.8114867695713088}