{"mse": 10961.967259593925, "mae": 86.86916245524088, "rmse": 104.69941384551264, "mape": 6.768809172231362, "r2": 0.7077521700501027}