{"mse": 18447.752654878863, "mae": 114.16068266194661, "rmse": 135.82250422841886, "mape": 9.41990996726125, "r2": 0.49698107622405363}