{"mse": 12950.258826730578, "mae": 103.10925835774738, "rmse": 113.79920398109373, "mape": 8.661306120017137, "r2": 0.6847639120052151}