{"mse": 6534.627291256968, "mae": 67.96431177571613, "rmse": 80.83704157907418, "mape": 5.71553442002126, "r2": 0.8257857736502701}