{"mse": 10148.917859900715, "mae": 75.4322843343099, "rmse": 100.74183768375836, "mape": 6.5585356995156845, "r2": 0.6835920510716091}