{"mse": 10529.583008708496, "mae": 85.85901421712238, "rmse": 102.61375643016143, "mape": 16.582322743633387, "r2": 0.7436881686850721}