{"mse": 9558.957019079184, "mae": 77.61339190670947, "rmse": 97.76991878425176, "mape": 16.03360380911173, "r2": 0.4097653633838152}