{"mse": 14692.882508703571, "mae": 94.03978460041975, "rmse": 121.21420093662117, "mape": 14.346391256623795, "r2": -1.2383683385805382}