{"mse": 628.0562506832292, "mae": 19.840250847068575, "rmse": 25.061050470465702, "mape": 17.734875502152477, "r2": 0.9828746522571202}