{"mse": 2665.209173532152, "mae": 40.97532707621757, "rmse": 51.62566390403277, "mape": 16.69968963179457, "r2": 0.9263921952372958}