{"mse": 32595.829141099046, "mae": 163.8375513237847, "rmse": 180.54315035774425, "mape": 14.600991827819776, "r2": -2.2690763891013224}