{"mse": 5112.832471148423, "mae": 59.78583775227862, "rmse": 71.50407310879865, "mape": 5.18905544561275, "r2": 0.8737013478297844}