{"mse": 38754.63261001633, "mae": 171.30039499511716, "rmse": 196.86196333983955, "mape": 16.347933771545623, "r2": 0.05663207669333248}