{"mse": 30467.030882730618, "mae": 148.84552003401427, "rmse": 174.54807613586183, "mape": 16.90904625889776, "r2": 0.2583694459863548}