{"mse": 30503.48033005109, "mae": 149.05562171174418, "rmse": 174.65245583744618, "mape": 17.43588836615866, "r2": 0.3005724659831974}