{"mse": 17643.371713153003, "mae": 103.69701037275149, "rmse": 132.82835432675134, "mape": 14.253021302686077, "r2": 0.5365452464432653}