{"mse": 34409.79222570211, "mae": 155.08280311258815, "rmse": 185.49876610291, "mape": 18.373602834285816, "r2": 0.3483869812413005}