{"mse": 24779.12619887439, "mae": 127.64205769838954, "rmse": 157.41386914396836, "mape": 16.116490916640714, "r2": 0.3929468860360582}