{"mse": 26011.653097085164, "mae": 134.46324807885782, "rmse": 161.28128563812098, "mape": 16.454650988317347, "r2": 0.35745269468155405}