{"mse": 3629.0754049184884, "mae": 53.84650131112098, "rmse": 60.24180778262293, "mape": 6.387186124579262, "r2": -4.382469806900862}