{"mse": 28865.574423582777, "mae": 146.0158426059651, "rmse": 169.89871813401882, "mape": 16.631146418322807, "r2": 0.25479885286507475}