{"mse": 25854.545670701093, "mae": 137.17714231420317, "rmse": 160.7934876501567, "mape": 16.709550124679694, "r2": 0.3462574730960901}