{"mse": 30898.76276214796, "mae": 150.28839862467444, "rmse": 175.78043907712814, "mape": 11.500269687680982, "r2": 0.24786019898588252}