{"mse": 6589.233086814485, "mae": 69.56131043294268, "rmse": 81.17409122875651, "mape": 5.673428529081239, "r2": 0.8396044365626321}