{"mse": 13200.937158923582, "mae": 92.84366123860678, "rmse": 114.89533131909052, "mape": 7.787994778261244, "r2": 0.67866188286102}