{"mse": 46794.790946088615, "mae": 168.5434813680013, "rmse": 216.32103676269818, "mape": 15.677630991308412, "r2": -4.899528579807084}