{"mse": 14302.931651991941, "mae": 98.08518177083332, "rmse": 119.59486465560275, "mape": 8.731290145902008, "r2": 0.638344653222693}