{"mse": 33269.02042450534, "mae": 160.10648931477866, "rmse": 182.3979726436271, "mape": 12.393403796502279, "r2": 0.11304250474648203}