{"mse": 1486.4981428447936, "mae": 33.5605961669922, "rmse": 38.55513121291112, "mape": 3.1207728196694293, "r2": 0.7735413472249875}