{"mse": 8685.488206022257, "mae": 84.74455595703125, "rmse": 93.1959666832329, "mape": 7.4652138308401215, "r2": 0.7885772507697031}