{"mse": 16884.07692520267, "mae": 108.46862110188802, "rmse": 129.93874297222777, "mape": 9.995695585685633, "r2": 0.5890066422210948}