{"mse": 19234.78986875254, "mae": 112.4958671549479, "rmse": 138.68954491508197, "mape": 10.173280203889583, "r2": 0.5317854266270241}