{"mse": 249.8168632553346, "mae": 14.577073600260482, "rmse": 15.805595947490705, "mape": 1.419696251348052, "r2": 0.7034535503661017}