{"mse": 37325.06294973323, "mae": 170.04388131510416, "rmse": 193.19695377964226, "mape": 15.76102111859409, "r2": -4.167122031315415}