
{"mse": 11714.877240517984, "mae": 92.30961288248699, "rmse": 108.23528648512917, "mape": 8.204387650081742, "r2": 0.7148356552521234}
