{"mse": 11338.510184661034, "mae": 98.17684248046874, "rmse": 106.48244073395874, "mape": 8.065703799465384, "r2": 0.7239972079226822}