{"mse": 20170.186377659207, "mae": 126.56687154134113, "rmse": 142.02178134940854, "mape": 10.26013878299904, "r2": 0.5090159406934245}