{"mse": 10869.727332296345, "mae": 84.22675724121092, "rmse": 104.25798450141046, "mape": 18.590930880655165, "r2": 0.7251545974360487}