{"mse": 10334.55459838508, "mae": 83.73885944010415, "rmse": 101.65901139783467, "mape": 7.185364796882403, "r2": 0.718205429732462}