{"mse": 7996.840188992354, "mae": 76.28629638671875, "rmse": 89.42505347492029, "mape": 6.757289706229887, "r2": 0.805340368001444}