{"mse": 47472.54326801322, "mae": 188.9090385904948, "rmse": 217.88194800857923, "mape": 15.340306710726544, "r2": -0.15557990208522554}