{"mse": 5583.217042942005, "mae": 68.63774011230468, "rmse": 74.72092774412002, "mape": 18.1723491203195, "r2": 0.8533404770494386}