{"mse": 6902.931241021285, "mae": 72.89999655761716, "rmse": 83.08388075325614, "mape": 6.019486225621605, "r2": 0.8319683745914829}