{"mse": 5455.819378451142, "mae": 55.63269308919269, "rmse": 73.86351858970126, "mape": 4.713194866784573, "r2": 0.8663402366842123}