{"mse": 7078.911461184413, "mae": 65.83647433268227, "rmse": 84.1362672168454, "mape": 5.695012102753066, "r2": 0.8044944697241995}