{"mse": 20262.232320431092, "mae": 123.3000530517578, "rmse": 142.34546821178077, "mape": 10.325497052490189, "r2": 0.5067753520454734}