{"mse": 17067.77989427934, "mae": 113.00322453613279, "rmse": 130.64371356586332, "mape": 9.756440311417043, "r2": 0.5845349319564918}