{"mse": 27837.353851187847, "mae": 135.7387582845052, "rmse": 166.8452991581958, "mape": 12.483458177276981, "r2": 0.3223812245310592}