{"mse": 11100.530017155155, "mae": 82.8803432861328, "rmse": 105.35905284860506, "mape": 7.718867593667082, "r2": 0.7297901374717077}