{"mse": 6011.188380835042, "mae": 57.40933990071614, "rmse": 77.53185397522132, "mape": 4.418743934276717, "r2": 0.8448136035227249}