{"mse": 12415.240245970172, "mae": 88.15101657714843, "rmse": 111.42369696779124, "mape": 7.621086373000474, "r2": 0.6614709171474014}