{"mse": 4997.490867156178, "mae": 58.1563546508789, "rmse": 70.69293364372551, "mape": 4.9053658334194745, "r2": 0.8637323188029524}