{"mse": 47043.56377784262, "mae": 177.1867557779948, "rmse": 216.89528297739122, "mape": 15.612474043579935, "r2": -0.14513765393245093}