{"mse": 46501.20789021551, "mae": 176.07786397298176, "rmse": 215.64138723866415, "mape": 15.646279598751164, "r2": -0.131935589741764}