{"mse": 8166.865554402969, "mae": 73.86234373372395, "rmse": 90.37071181750738, "mape": 6.397700315399009, "r2": 0.7773122830377842}