{"mse": 9494.99780341363, "mae": 84.43864607747399, "rmse": 97.44227934225282, "mape": 7.2079886554140815, "r2": 0.6956043426108021}