{"mse": 11493.531917588954, "mae": 89.19762938232422, "rmse": 107.2078911162278, "mape": 7.295610009225852, "r2": 0.6866033405949279}