{"mse": 10222.744165208582, "mae": 83.18280313720702, "rmse": 101.10758708034022, "mape": 6.528370215223518, "r2": 0.7511572608448446}