{"mse": 5713.806677897595, "mae": 74.84983854166667, "rmse": 75.58972600755737, "mape": 7.1925833317815675, "r2": -5.782604913636904}