{"mse": 20064.01091834935, "mae": 118.96637170003255, "rmse": 141.6474882175796, "mape": 9.502648657860606, "r2": 0.5116004710014058}