{"mse": 27437.644792586245, "mae": 127.6058577067057, "rmse": 165.64312479721653, "mape": 11.305749856796393, "r2": -0.8081716889979074}