{"mse": 10859.70234488277, "mae": 80.82971399739581, "rmse": 104.20989561880756, "mape": 7.233596153938486, "r2": 0.7356523811769328}