{"mse": 32729.46143074941, "mae": 160.41739729003905, "rmse": 180.9128559023637, "mape": 12.99087021548637, "r2": 0.2032972065153391}