{"mse": 12106.822532462322, "mae": 86.53059964192705, "rmse": 110.03100714099786, "mape": 19.57756215294408, "r2": 0.7707349371304538}