{"mse": 7694.43891478674, "mae": 68.26340085042318, "rmse": 87.71795092674441, "mape": 5.589335077987173, "r2": 0.7601141649986433}