{"mse": 23997.811951658445, "mae": 121.95843091227214, "rmse": 154.9122717916771, "mape": 16.663421205964273, "r2": 0.4158436166186529}