{"mse": 11858.452809740951, "mae": 94.83224521484374, "rmse": 108.89652340520772, "mape": 8.202966454018648, "r2": 0.711340728905165}