{"mse": 17042.144360183014, "mae": 107.92661014811198, "rmse": 130.54556430680827, "mape": 9.662412329731234, "r2": 0.5851589538845712}