{"mse": 3650.2989709787303, "mae": 52.136028894042965, "rmse": 60.4177041187327, "mape": 4.635880042771863, "r2": 0.9111441722502445}