{"mse": 23251.305637536865, "mae": 135.13124921874999, "rmse": 152.48378811380857, "mape": 10.902918510539072, "r2": 0.43401512448391333}