{"mse": 42146.07920583891, "mae": 178.7109475097656, "rmse": 205.29510273223497, "mape": 14.116652616567496, "r2": -0.02592274879815526}