{"mse": 11353.73934939612, "mae": 83.48461319986977, "rmse": 106.55392695436485, "mape": 7.751179526314631, "r2": 0.7236264985508658}