{"mse": 11734.8012035367, "mae": 88.12100153808593, "rmse": 108.32728743736132, "mape": 7.5763090545314205, "r2": 0.6800245979790609}