{"mse": 16663.81048615342, "mae": 118.87940870768227, "rmse": 129.08838246005493, "mape": 11.451382998087515, "r2": 0.5622762866567628}