{"mse": 13496.172966314372, "mae": 84.6281294514974, "rmse": 116.17303028807665, "mape": 6.901967817856952, "r2": 0.5673325547434441}