{"mse": 10222.740045912695, "mae": 83.18279296468097, "rmse": 101.10756670948369, "mape": 6.528369537348228, "r2": 0.7511573611170275}