{"mse": 29736.89631700554, "mae": 129.75871006266274, "rmse": 172.44389324358673, "mape": 9.700652593676038, "r2": 0.27614243162999785}