{"mse": 30789.527162595507, "mae": 156.48607201334633, "rmse": 175.46944794634624, "mape": 12.512114055064494, "r2": 0.25051921943739675}