{"mse": 11290.335391428684, "mae": 85.03242961425781, "rmse": 106.25598990846909, "mape": 17.37053338418275, "r2": 0.7251698820415328}