{"mse": 12110.731840198321, "mae": 89.65116284179686, "rmse": 110.04877028026402, "mape": 17.19432054607685, "r2": 0.7051997354541039}