{"mse": 9669.363583554576, "mae": 79.21512380371094, "rmse": 98.33292217540662, "mape": 19.967687717843656, "r2": 0.7646276888931871}