{"mse": 4607.635440998274, "mae": 67.75734993489584, "rmse": 67.8795657101478, "mape": 6.545043251022889, "r2": -4.469518404123112}