{"mse": 9538.094631307291, "mae": 81.36468341471353, "rmse": 97.6631692671669, "mape": 7.0000541550256425, "r2": 0.7399226786009383}