{"mse": 10655.663585512384, "mae": 84.12818334147134, "rmse": 103.22627371707449, "mape": 7.573864635631698, "r2": 0.7406191066427178}