{"mse": 7773.9890291012625, "mae": 75.80491921657985, "rmse": 88.17022756634613, "mape": 6.816291613242721, "r2": 0.8527851483140909}