{"mse": 15003.618997173917, "mae": 111.49840535481769, "rmse": 122.4892607422133, "mape": 16.519158598363497, "r2": 0.6347808779952084}