{"mse": 26608.547635777126, "mae": 147.7620700032552, "rmse": 163.12126665697863, "mape": 15.841571734772112, "r2": 0.3522929096512204}