{"mse": 13449.57622894023, "mae": 108.40791959092884, "rmse": 115.97230802627078, "mape": 9.629847739024378, "r2": 0.6677647156324339}