{"mse": 16242.364416346594, "mae": 110.6642169108073, "rmse": 127.44553509772948, "mape": 8.755769500544169, "r2": 0.6045148271232401}