{"mse": 30083.99019735113, "mae": 162.43144177517362, "rmse": 173.44737010791235, "mape": 13.818546387248906, "r2": 0.4303040384486627}