{"mse": 15635.420022473407, "mae": 103.41971295979816, "rmse": 125.04167314329014, "mape": 8.844930101242587, "r2": 0.034563453221280294}